http://www.baidu.com,自动化测试数据1,自动化测试数据1
http://www.baidu.com,自动化测试数据2,自动化测试数据2
http://www.baidu.com,自动化测试数据3,自动化测试数据3
http://www.baidu.com,自动化测试数据4,自动化测试数据4
http://www.baidu.com,自动化测试数据5,自动化测试数据5
http://www.baidu.com,自动化测试数据6,自动化测试数据6
http://www.baidu.com,自动化测试数据7,自动化测试数据7
http://www.baidu.com,自动化测试数据8,自动化测试数据8
http://www.baidu.com,自动化测试数据9,自动化测试数据9
http://www.baidu.com,自动化测试数据10,自动化测试数据10
http://www.baidu.com,自动化测试数据11,自动化测试数据11
http://www.baidu.com,自动化测试数据12,自动化测试数据12
http://www.baidu.com,自动化测试数据13,自动化测试数据13
http://www.baidu.com,自动化测试数据14,自动化测试数据14
http://www.baidu.com,自动化测试数据15,自动化测试数据15
http://www.baidu.com,自动化测试数据16,自动化测试数据16
http://www.baidu.com,自动化测试数据17,自动化测试数据17
http://www.baidu.com,自动化测试数据18,自动化测试数据18
http://www.baidu.com,自动化测试数据19,自动化测试数据19
http://www.baidu.com,自动化测试数据20,自动化测试数据20
http://www.baidu.com,自动化测试数据21,自动化测试数据21
http://www.baidu.com,自动化测试数据22,自动化测试数据22
http://www.baidu.com,自动化测试数据23,自动化测试数据23
http://www.baidu.com,自动化测试数据24,自动化测试数据24
http://www.baidu.com,自动化测试数据25,自动化测试数据25
http://www.baidu.com,自动化测试数据26,自动化测试数据26
http://www.baidu.com,自动化测试数据27,自动化测试数据27
http://www.baidu.com,自动化测试数据28,自动化测试数据28
http://www.baidu.com,自动化测试数据29,自动化测试数据29
http://www.baidu.com,自动化测试数据30,自动化测试数据30
http://www.baidu.com,自动化测试数据31,自动化测试数据31
http://www.baidu.com,自动化测试数据32,自动化测试数据32
http://www.baidu.com,自动化测试数据33,自动化测试数据33
http://www.baidu.com,自动化测试数据34,自动化测试数据34
http://www.baidu.com,自动化测试数据35,自动化测试数据35
http://www.baidu.com,自动化测试数据36,自动化测试数据36
http://www.baidu.com,自动化测试数据37,自动化测试数据37
http://www.baidu.com,自动化测试数据38,自动化测试数据38
http://www.baidu.com,自动化测试数据39,自动化测试数据39
http://www.baidu.com,自动化测试数据40,自动化测试数据40
http://www.baidu.com,自动化测试数据41,自动化测试数据41
http://www.baidu.com,自动化测试数据42,自动化测试数据42
http://www.baidu.com,自动化测试数据43,自动化测试数据43
http://www.baidu.com,自动化测试数据44,自动化测试数据44
http://www.baidu.com,自动化测试数据45,自动化测试数据45
http://www.baidu.com,自动化测试数据46,自动化测试数据46
http://www.baidu.com,自动化测试数据47,自动化测试数据47
http://www.baidu.com,自动化测试数据48,自动化测试数据48
http://www.baidu.com,自动化测试数据49,自动化测试数据49
http://www.baidu.com,自动化测试数据50,自动化测试数据50
http://www.baidu.com,自动化测试数据51,自动化测试数据51
http://www.baidu.com,自动化测试数据52,自动化测试数据52
http://www.baidu.com,自动化测试数据53,自动化测试数据53
http://www.baidu.com,自动化测试数据54,自动化测试数据54
http://www.baidu.com,自动化测试数据55,自动化测试数据55
http://www.baidu.com,自动化测试数据56,自动化测试数据56
http://www.baidu.com,自动化测试数据57,自动化测试数据57
http://www.baidu.com,自动化测试数据58,自动化测试数据58
http://www.baidu.com,自动化测试数据59,自动化测试数据59
http://www.baidu.com,自动化测试数据60,自动化测试数据60
http://www.baidu.com,自动化测试数据61,自动化测试数据61
http://www.baidu.com,自动化测试数据62,自动化测试数据62
http://www.baidu.com,自动化测试数据63,自动化测试数据63
http://www.baidu.com,自动化测试数据64,自动化测试数据64
http://www.baidu.com,自动化测试数据65,自动化测试数据65
http://www.baidu.com,自动化测试数据66,自动化测试数据66
http://www.baidu.com,自动化测试数据67,自动化测试数据67
http://www.baidu.com,自动化测试数据68,自动化测试数据68
http://www.baidu.com,自动化测试数据69,自动化测试数据69
http://www.baidu.com,自动化测试数据70,自动化测试数据70
http://www.baidu.com,自动化测试数据71,自动化测试数据71
http://www.baidu.com,自动化测试数据72,自动化测试数据72
http://www.baidu.com,自动化测试数据73,自动化测试数据73
http://www.baidu.com,自动化测试数据74,自动化测试数据74
http://www.baidu.com,自动化测试数据75,自动化测试数据75
http://www.baidu.com,自动化测试数据76,自动化测试数据76
http://www.baidu.com,自动化测试数据77,自动化测试数据77
http://www.baidu.com,自动化测试数据78,自动化测试数据78
http://www.baidu.com,自动化测试数据79,自动化测试数据79
http://www.baidu.com,自动化测试数据80,自动化测试数据80
http://www.baidu.com,自动化测试数据81,自动化测试数据81
http://www.baidu.com,自动化测试数据82,自动化测试数据82
http://www.baidu.com,自动化测试数据83,自动化测试数据83
http://www.baidu.com,自动化测试数据84,自动化测试数据84
http://www.baidu.com,自动化测试数据85,自动化测试数据85
http://www.baidu.com,自动化测试数据86,自动化测试数据86
http://www.baidu.com,自动化测试数据87,自动化测试数据87
http://www.baidu.com,自动化测试数据88,自动化测试数据88
http://www.baidu.com,自动化测试数据89,自动化测试数据89
http://www.baidu.com,自动化测试数据90,自动化测试数据90
http://www.baidu.com,自动化测试数据91,自动化测试数据91
http://www.baidu.com,自动化测试数据92,自动化测试数据92
http://www.baidu.com,自动化测试数据93,自动化测试数据93
http://www.baidu.com,自动化测试数据94,自动化测试数据94
http://www.baidu.com,自动化测试数据95,自动化测试数据95
http://www.baidu.com,自动化测试数据96,自动化测试数据96
http://www.baidu.com,自动化测试数据97,自动化测试数据97
http://www.baidu.com,自动化测试数据98,自动化测试数据98
http://www.baidu.com,自动化测试数据99,自动化测试数据99
http://www.baidu.com,自动化测试数据100,自动化测试数据100
http://www.baidu.com,自动化测试数据101,自动化测试数据101
http://www.baidu.com,自动化测试数据102,自动化测试数据102
http://www.baidu.com,自动化测试数据103,自动化测试数据103
http://www.baidu.com,自动化测试数据104,自动化测试数据104
http://www.baidu.com,自动化测试数据105,自动化测试数据105
http://www.baidu.com,自动化测试数据106,自动化测试数据106
http://www.baidu.com,自动化测试数据107,自动化测试数据107
http://www.baidu.com,自动化测试数据108,自动化测试数据108
http://www.baidu.com,自动化测试数据109,自动化测试数据109
http://www.baidu.com,自动化测试数据110,自动化测试数据110
http://www.baidu.com,自动化测试数据111,自动化测试数据111
http://www.baidu.com,自动化测试数据112,自动化测试数据112
http://www.baidu.com,自动化测试数据113,自动化测试数据113
http://www.baidu.com,自动化测试数据114,自动化测试数据114
http://www.baidu.com,自动化测试数据115,自动化测试数据115
http://www.baidu.com,自动化测试数据116,自动化测试数据116
http://www.baidu.com,自动化测试数据117,自动化测试数据117
http://www.baidu.com,自动化测试数据118,自动化测试数据118
http://www.baidu.com,自动化测试数据119,自动化测试数据119
http://www.baidu.com,自动化测试数据120,自动化测试数据120
http://www.baidu.com,自动化测试数据121,自动化测试数据121
http://www.baidu.com,自动化测试数据122,自动化测试数据122
http://www.baidu.com,自动化测试数据123,自动化测试数据123
http://www.baidu.com,自动化测试数据124,自动化测试数据124
http://www.baidu.com,自动化测试数据125,自动化测试数据125
http://www.baidu.com,自动化测试数据126,自动化测试数据126
http://www.baidu.com,自动化测试数据127,自动化测试数据127
http://www.baidu.com,自动化测试数据128,自动化测试数据128
http://www.baidu.com,自动化测试数据129,自动化测试数据129
http://www.baidu.com,自动化测试数据130,自动化测试数据130
http://www.baidu.com,自动化测试数据131,自动化测试数据131
http://www.baidu.com,自动化测试数据132,自动化测试数据132
http://www.baidu.com,自动化测试数据133,自动化测试数据133
http://www.baidu.com,自动化测试数据134,自动化测试数据134
http://www.baidu.com,自动化测试数据135,自动化测试数据135
http://www.baidu.com,自动化测试数据136,自动化测试数据136
http://www.baidu.com,自动化测试数据137,自动化测试数据137
http://www.baidu.com,自动化测试数据138,自动化测试数据138
http://www.baidu.com,自动化测试数据139,自动化测试数据139
http://www.baidu.com,自动化测试数据140,自动化测试数据140
http://www.baidu.com,自动化测试数据141,自动化测试数据141
http://www.baidu.com,自动化测试数据142,自动化测试数据142
http://www.baidu.com,自动化测试数据143,自动化测试数据143
http://www.baidu.com,自动化测试数据144,自动化测试数据144
http://www.baidu.com,自动化测试数据145,自动化测试数据145
http://www.baidu.com,自动化测试数据146,自动化测试数据146
http://www.baidu.com,自动化测试数据147,自动化测试数据147
http://www.baidu.com,自动化测试数据148,自动化测试数据148
http://www.baidu.com,自动化测试数据149,自动化测试数据149
http://www.baidu.com,自动化测试数据150,自动化测试数据150
http://www.baidu.com,自动化测试数据151,自动化测试数据151
http://www.baidu.com,自动化测试数据152,自动化测试数据152
http://www.baidu.com,自动化测试数据153,自动化测试数据153
http://www.baidu.com,自动化测试数据154,自动化测试数据154
http://www.baidu.com,自动化测试数据155,自动化测试数据155
http://www.baidu.com,自动化测试数据156,自动化测试数据156
http://www.baidu.com,自动化测试数据157,自动化测试数据157
http://www.baidu.com,自动化测试数据158,自动化测试数据158
http://www.baidu.com,自动化测试数据159,自动化测试数据159
http://www.baidu.com,自动化测试数据160,自动化测试数据160
http://www.baidu.com,自动化测试数据161,自动化测试数据161
http://www.baidu.com,自动化测试数据162,自动化测试数据162
http://www.baidu.com,自动化测试数据163,自动化测试数据163
http://www.baidu.com,自动化测试数据164,自动化测试数据164
http://www.baidu.com,自动化测试数据165,自动化测试数据165
http://www.baidu.com,自动化测试数据166,自动化测试数据166
http://www.baidu.com,自动化测试数据167,自动化测试数据167
http://www.baidu.com,自动化测试数据168,自动化测试数据168
http://www.baidu.com,自动化测试数据169,自动化测试数据169
http://www.baidu.com,自动化测试数据170,自动化测试数据170
http://www.baidu.com,自动化测试数据171,自动化测试数据171
http://www.baidu.com,自动化测试数据172,自动化测试数据172
http://www.baidu.com,自动化测试数据173,自动化测试数据173
http://www.baidu.com,自动化测试数据174,自动化测试数据174
http://www.baidu.com,自动化测试数据175,自动化测试数据175
http://www.baidu.com,自动化测试数据176,自动化测试数据176
http://www.baidu.com,自动化测试数据177,自动化测试数据177
http://www.baidu.com,自动化测试数据178,自动化测试数据178
http://www.baidu.com,自动化测试数据179,自动化测试数据179
http://www.baidu.com,自动化测试数据180,自动化测试数据180
http://www.baidu.com,自动化测试数据181,自动化测试数据181
http://www.baidu.com,自动化测试数据182,自动化测试数据182
http://www.baidu.com,自动化测试数据183,自动化测试数据183
http://www.baidu.com,自动化测试数据184,自动化测试数据184
http://www.baidu.com,自动化测试数据185,自动化测试数据185
http://www.baidu.com,自动化测试数据186,自动化测试数据186
http://www.baidu.com,自动化测试数据187,自动化测试数据187
http://www.baidu.com,自动化测试数据188,自动化测试数据188
http://www.baidu.com,自动化测试数据189,自动化测试数据189
http://www.baidu.com,自动化测试数据190,自动化测试数据190
http://www.baidu.com,自动化测试数据191,自动化测试数据191
http://www.baidu.com,自动化测试数据192,自动化测试数据192
http://www.baidu.com,自动化测试数据193,自动化测试数据193
http://www.baidu.com,自动化测试数据194,自动化测试数据194
http://www.baidu.com,自动化测试数据195,自动化测试数据195
http://www.baidu.com,自动化测试数据196,自动化测试数据196
http://www.baidu.com,自动化测试数据197,自动化测试数据197
http://www.baidu.com,自动化测试数据198,自动化测试数据198
http://www.baidu.com,自动化测试数据199,自动化测试数据199
http://www.baidu.com,自动化测试数据200,自动化测试数据200
http://www.baidu.com,自动化测试数据201,自动化测试数据201
http://www.baidu.com,自动化测试数据202,自动化测试数据202
http://www.baidu.com,自动化测试数据203,自动化测试数据203
http://www.baidu.com,自动化测试数据204,自动化测试数据204
http://www.baidu.com,自动化测试数据205,自动化测试数据205
http://www.baidu.com,自动化测试数据206,自动化测试数据206
http://www.baidu.com,自动化测试数据207,自动化测试数据207
http://www.baidu.com,自动化测试数据208,自动化测试数据208
http://www.baidu.com,自动化测试数据209,自动化测试数据209
http://www.baidu.com,自动化测试数据210,自动化测试数据210
http://www.baidu.com,自动化测试数据211,自动化测试数据211
http://www.baidu.com,自动化测试数据212,自动化测试数据212
http://www.baidu.com,自动化测试数据213,自动化测试数据213
http://www.baidu.com,自动化测试数据214,自动化测试数据214
http://www.baidu.com,自动化测试数据215,自动化测试数据215
http://www.baidu.com,自动化测试数据216,自动化测试数据216
http://www.baidu.com,自动化测试数据217,自动化测试数据217
http://www.baidu.com,自动化测试数据218,自动化测试数据218
http://www.baidu.com,自动化测试数据219,自动化测试数据219
http://www.baidu.com,自动化测试数据220,自动化测试数据220
http://www.baidu.com,自动化测试数据221,自动化测试数据221
http://www.baidu.com,自动化测试数据222,自动化测试数据222
http://www.baidu.com,自动化测试数据223,自动化测试数据223
http://www.baidu.com,自动化测试数据224,自动化测试数据224
http://www.baidu.com,自动化测试数据225,自动化测试数据225
http://www.baidu.com,自动化测试数据226,自动化测试数据226
http://www.baidu.com,自动化测试数据227,自动化测试数据227
http://www.baidu.com,自动化测试数据228,自动化测试数据228
http://www.baidu.com,自动化测试数据229,自动化测试数据229
http://www.baidu.com,自动化测试数据230,自动化测试数据230
http://www.baidu.com,自动化测试数据231,自动化测试数据231
http://www.baidu.com,自动化测试数据232,自动化测试数据232
http://www.baidu.com,自动化测试数据233,自动化测试数据233
http://www.baidu.com,自动化测试数据234,自动化测试数据234
http://www.baidu.com,自动化测试数据235,自动化测试数据235
http://www.baidu.com,自动化测试数据236,自动化测试数据236
http://www.baidu.com,自动化测试数据237,自动化测试数据237
http://www.baidu.com,自动化测试数据238,自动化测试数据238
http://www.baidu.com,自动化测试数据239,自动化测试数据239
http://www.baidu.com,自动化测试数据240,自动化测试数据240
http://www.baidu.com,自动化测试数据241,自动化测试数据241
http://www.baidu.com,自动化测试数据242,自动化测试数据242
http://www.baidu.com,自动化测试数据243,自动化测试数据243
http://www.baidu.com,自动化测试数据244,自动化测试数据244
http://www.baidu.com,自动化测试数据245,自动化测试数据245
http://www.baidu.com,自动化测试数据246,自动化测试数据246
http://www.baidu.com,自动化测试数据247,自动化测试数据247
http://www.baidu.com,自动化测试数据248,自动化测试数据248
http://www.baidu.com,自动化测试数据249,自动化测试数据249
http://www.baidu.com,自动化测试数据250,自动化测试数据250
http://www.baidu.com,自动化测试数据251,自动化测试数据251
http://www.baidu.com,自动化测试数据252,自动化测试数据252
http://www.baidu.com,自动化测试数据253,自动化测试数据253
http://www.baidu.com,自动化测试数据254,自动化测试数据254
http://www.baidu.com,自动化测试数据255,自动化测试数据255
http://www.baidu.com,自动化测试数据256,自动化测试数据256
http://www.baidu.com,自动化测试数据257,自动化测试数据257
http://www.baidu.com,自动化测试数据258,自动化测试数据258
http://www.baidu.com,自动化测试数据259,自动化测试数据259
http://www.baidu.com,自动化测试数据260,自动化测试数据260
http://www.baidu.com,自动化测试数据261,自动化测试数据261
http://www.baidu.com,自动化测试数据262,自动化测试数据262
http://www.baidu.com,自动化测试数据263,自动化测试数据263
http://www.baidu.com,自动化测试数据264,自动化测试数据264
http://www.baidu.com,自动化测试数据265,自动化测试数据265
http://www.baidu.com,自动化测试数据266,自动化测试数据266
http://www.baidu.com,自动化测试数据267,自动化测试数据267
http://www.baidu.com,自动化测试数据268,自动化测试数据268
http://www.baidu.com,自动化测试数据269,自动化测试数据269
http://www.baidu.com,自动化测试数据270,自动化测试数据270
http://www.baidu.com,自动化测试数据271,自动化测试数据271
http://www.baidu.com,自动化测试数据272,自动化测试数据272
http://www.baidu.com,自动化测试数据273,自动化测试数据273
http://www.baidu.com,自动化测试数据274,自动化测试数据274
http://www.baidu.com,自动化测试数据275,自动化测试数据275
http://www.baidu.com,自动化测试数据276,自动化测试数据276
http://www.baidu.com,自动化测试数据277,自动化测试数据277
http://www.baidu.com,自动化测试数据278,自动化测试数据278
http://www.baidu.com,自动化测试数据279,自动化测试数据279
http://www.baidu.com,自动化测试数据280,自动化测试数据280
http://www.baidu.com,自动化测试数据281,自动化测试数据281
http://www.baidu.com,自动化测试数据282,自动化测试数据282
http://www.baidu.com,自动化测试数据283,自动化测试数据283
http://www.baidu.com,自动化测试数据284,自动化测试数据284
http://www.baidu.com,自动化测试数据285,自动化测试数据285
http://www.baidu.com,自动化测试数据286,自动化测试数据286
http://www.baidu.com,自动化测试数据287,自动化测试数据287
http://www.baidu.com,自动化测试数据288,自动化测试数据288
http://www.baidu.com,自动化测试数据289,自动化测试数据289
http://www.baidu.com,自动化测试数据290,自动化测试数据290
http://www.baidu.com,自动化测试数据291,自动化测试数据291
http://www.baidu.com,自动化测试数据292,自动化测试数据292
http://www.baidu.com,自动化测试数据293,自动化测试数据293
http://www.baidu.com,自动化测试数据294,自动化测试数据294
http://www.baidu.com,自动化测试数据295,自动化测试数据295
http://www.baidu.com,自动化测试数据296,自动化测试数据296
http://www.baidu.com,自动化测试数据297,自动化测试数据297
http://www.baidu.com,自动化测试数据298,自动化测试数据298
http://www.baidu.com,自动化测试数据299,自动化测试数据299
http://www.baidu.com,自动化测试数据300,自动化测试数据300